seq, first, last, birthday, email
1,Celia,Greer,7/11/1962,funzu@lacu.pm
2,Daniel,Warren,6/9/1974,fohci@gogitna.vg
3,Walter,Wise,14/10/1961,merjan@oleoshez.as
4,Elijah,Freeman,21/6/1997,gam@ol.ir
5,Lee,Jenkins,13/9/1970,hamigwep@musukce.li
6,Johnny,Copeland,6/10/1969,nupser@rap.ht
7,Blanche,Wade,28/7/1974,felhih@pezarij.cl
8,Augusta,Weaver,8/6/1994,mudoge@podag.aq
9,Mark,Gill,7/9/1964,fejsefos@niujhek.vu
10,Lou,Mitchell,2/12/1956,rujeszaw@ke.rs
11,Kathryn,Farmer,11/2/1993,edesecefe@cocaz.ar
12,Ian,Tyler,17/10/1983,bozgi@tu.ro
13,Myra,Potter,5/3/1979,soh@hu.tk
14,Rhoda,Clarke,11/5/1995,mijih@tugi.cv
15,Eugenia,Marsh,6/12/1996,eguga@sembi.bg
16,Norman,Rodriguez,30/6/1991,tat@horkilbu.zm
17,Clayton,Potter,19/3/1976,dunoeba@espod.tz
18,Henrietta,Goodwin,21/6/1954,bag@epovovje.cw
19,Edgar,Long,29/3/1972,ka@kitzo.vu
20,Henrietta,Douglas,29/3/1987,gutup@izvela.pe
21,Roger,Houston,27/8/1958,gipedzip@wollaz.gp
22,Katherine,Carter,3/6/1964,ato@nupousi.bi
23,Leona,Grant,5/1/1964,ket@duszul.nl
24,Herman,Martin,24/8/1996,wa@becid.eu
25,Nell,Harvey,9/4/1976,duderi@iroko.pn
26,Alfred,Wells,4/12/1978,sozavuf@sipael.bs
27,Albert,Floyd,22/5/1976,najtoij@tujurpu.th
28,Zachary,Hodges,7/3/1990,wu@mebuvho.ga
29,Martin,Pena,3/4/1980,tutek@efatozuz.tw
30,Elsie,Lynch,16/11/1989,motumwa@ucevobof.lu
31,Robert,Stewart,2/1/1985,ro@ezomif.bg
32,Claudia,Simpson,30/7/1964,nejwaedu@fe.aw
33,Hilda,Hogan,12/5/1966,azla@let.mr
34,Amy,Byrd,24/11/1992,ce@pohho.nf
35,Justin,Holland,26/10/1969,ojeru@ed.zw
36,Claudia,Hicks,14/5/1981,zog@aho.rs
37,Antonio,Bennett,19/7/2001,subel@biif.cx
38,Lula,Garcia,23/1/1989,is@ti.bs
39,Florence,Holland,11/6/1977,mujsofhi@izug.md
40,Inez,Warren,15/1/1998,muzu@kanwitit.gm
41,Tony,Edwards,25/7/1972,canalte@gogu.mm
42,Samuel,Palmer,4/2/1973,hoze@nitiib.ky
43,Georgia,Lowe,18/1/1996,mom@cufun.su
44,Harold,McGee,24/2/1971,ko@ucnaruc.es
45,Mamie,Boyd,28/1/1959,lewegge@wov.bn
46,Edith,McGuire,18/4/1966,gis@me.az
47,Lena,Beck,25/11/1974,sabogja@la.ae
48,Angel,McKinney,3/7/1968,mebzo@umwofof.dz
49,Jeffrey,Potter,28/3/1960,iwesuj@edapa.cm
50,Mina,Watson,8/6/1976,avdotle@vawpu.ws
51,Mason,Spencer,13/9/1979,nahtakav@nodiuva.mq
52,Isabelle,Watkins,19/1/1961,vuikibif@jiseb.li
53,Mildred,Black,16/5/1982,ilihud@amjehpa.bb
54,Garrett,Kennedy,19/7/1990,loasgan@pupgub.by
55,Hunter,Weber,30/5/1970,zurun@lo.id
56,Roger,May,3/4/1985,vaggoeru@upete.wf
57,Jimmy,Green,15/12/1975,cah@gab.ge
58,Johnny,Stephens,15/12/1996,kelgutop@hap.ls
59,Owen,Reyes,17/9/1979,rogmo@fuz.bm
60,Craig,West,13/4/1960,cidgokar@ses.de
61,Alberta,Norman,3/2/2000,rabzoso@kov.bw
62,Bruce,Olson,28/8/1985,ehusu@fawmel.ni
63,Seth,Riley,3/7/1965,wuz@jeha.lk
64,Erik,Norman,13/5/1969,mojejpeh@rozu.ir
65,Phoebe,Castro,29/4/1973,ru@lem.pn
66,Mina,Shelton,28/9/2001,ufozackag@awibrud.es
67,Craig,Rogers,18/5/1955,ot@hiladrak.se
68,Estelle,Mack,29/4/1995,ga@jen.gq
69,Roy,Norton,19/8/1977,nugruwes@upur.mz
70,Isaiah,Lawrence,7/7/1995,hifon@vomovdu.cg
71,Tony,Warner,23/3/1965,rem@gi.fj
72,Mattie,Hall,14/7/1962,ducponoc@bik.zw
73,Elizabeth,Drake,19/3/1991,migwan@bowuffe.tm
74,Cecilia,Ramirez,10/9/1968,zapof@dampoklu.bi
75,Della,Alvarado,3/11/1982,vinsutkej@ugzu.mu
76,Lewis,Austin,1/7/1997,tosu@elekuk.cy
77,Jesse,Reeves,16/1/2000,pi@com.tp
78,Rose,Carpenter,28/6/1961,upgasek@dut.vc
79,Marion,Joseph,14/8/1975,deejca@janok.gt
80,Daisy,Burton,20/4/1982,wif@cu.mz
81,Delia,Fuller,19/3/1963,sa@junsaw.gu
82,Steve,Riley,22/10/1968,modnu@kaulodaf.hn
83,Josie,Barton,14/7/1977,kozeok@usivwij.mo
84,Nellie,Haynes,24/4/1979,roco@bu.pf
85,Manuel,Yates,24/6/1989,vezebe@kud.ht
86,Chase,Clark,12/6/1994,vegbasap@mitdas.ch
87,Josephine,Cooper,5/1/1994,ruw@ruw.sz
88,Leonard,Perez,18/6/1998,utmor@nalgad.za
89,Ora,Thomas,29/7/1975,hatogu@mu.us
90,Adam,Stone,26/7/1987,va@hapuho.rs
91,Carl,Fernandez,20/10/1969,mehpewzak@zapsi.hm
92,Josephine,Terry,14/11/1997,vow@binahage.er
93,Pauline,Chavez,16/7/1959,haj@if.nu
94,Isaiah,Reynolds,16/11/1983,la@funle.lt
95,Isabel,Watts,7/6/1994,hiov@inu.nr
96,Gerald,Leonard,8/3/1985,ga@ijewu.dk
97,Helen,Wilkins,23/2/1966,ba@pirriwas.mc
98,Mayme,Lynch,5/7/2001,wueb@kauju.sl
99,Trevor,Gardner,1/6/1976,nakpulrow@zerso.lv
100,Randall,Keller,13/8/1987,segelzam@di.fj
101,Elmer,Gilbert,26/7/1988,etdivi@dasecu.bn
102,Janie,Tucker,8/6/1977,hiviruwu@ec.st
103,Alex,Turner,8/4/1977,tagof@mamin.af
104,Oscar,Brock,10/2/1989,fojowzu@jikvefwo.ax
105,Marc,Adams,16/1/1978,bagfifni@hij.an
106,Nora,Craig,20/5/1995,noleh@ko.se
107,Patrick,Walsh,19/1/1961,kuwuf@tofi.vi
108,Beulah,Norris,25/2/1976,vuid@gekguzmu.no
109,Erik,Bryant,4/8/1975,junzu@amdow.af
110,Iva,Bailey,26/2/1973,go@co.bv
111,Rosetta,Gibbs,6/3/1996,ka@ok.lc
112,Gerald,Harris,20/5/1959,mu@pahun.kg
113,Sara,Hale,28/5/1968,ogoenakim@rev.dm
114,Glenn,Miles,11/3/1983,tazuni@tagtu.cl
115,Phillip,Morgan,2/8/1989,vap@pahgopij.nr
116,Cordelia,Burns,21/3/1957,gatsev@viktu.nl
117,Alberta,Hill,13/4/1987,veaf@ed.lk
118,Rena,Gray,22/11/1996,zijozul@tidoobu.ca
119,Ricky,Ortiz,8/5/1971,luoljuk@jumbuoji.sl
120,Amanda,Frank,28/2/2000,likafu@magmem.bn
121,William,Coleman,16/1/1994,ubbaw@cuc.gy
122,Lenora,West,29/7/1990,nuhaz@hij.er
123,Julia,Warner,14/3/1987,nomigdap@zesfumkiv.sv
124,Clara,Watson,21/11/1960,vowodiom@jir.sn
125,Corey,Bridges,20/9/1975,mor@na.gw
126,Dylan,Simpson,27/6/1972,logavgu@seh.vn
127,Eugenia,Elliott,1/5/1968,deecgu@fukve.cd
128,Tony,Doyle,11/3/1980,aci@toleh.ac
129,Evelyn,Potter,9/5/1977,nadguvok@namdenif.bn
130,Lewis,Hawkins,24/5/1975,modu@zurobhu.tc
131,Leila,Ellis,24/5/1999,wov@meco.aw
132,Kate,Knight,6/4/1973,kon@rawopak.gr
133,Ola,Cain,8/2/1954,ofi@efem.gq
134,Ina,Newman,27/3/1974,wevopa@emokecur.cm
135,Lawrence,Summers,9/7/1964,otolife@lagero.qa
136,Adeline,Price,23/5/1983,huwborsi@fudgecez.kn
137,Erik,Guzman,3/3/1992,an@fuuv.kg
138,Sally,Hart,6/5/1998,ciw@nolgusfi.ar
139,Albert,Thornton,6/10/1968,upba@nabwa.fk
140,Cordelia,Holmes,21/1/1964,webbecwo@vefieg.eh
141,Gavin,Patterson,22/9/1974,ci@nog.td
142,Elijah,Wagner,24/4/1977,asu@gofov.to
143,Harriet,Wade,23/3/1962,sav@er.id
144,Dustin,Weber,25/4/1981,imunod@ej.tw
145,Hattie,Fletcher,1/8/1982,denajli@unseco.gt
146,Martin,Byrd,2/1/1967,babow@gewa.to
147,Oscar,Pena,27/6/1965,pezu@madusiv.ch
148,Agnes,Todd,21/8/2001,muzitwas@tuv.sk
149,Melvin,Townsend,25/10/1957,woub@vifkem.me
150,Emma,Gordon,1/7/1984,celephu@ninpow.bn
151,Allie,Morrison,22/7/1995,cabcejze@areheb.es
152,Ernest,Logan,2/6/1998,ta@lic.kh
153,Sally,Atkins,13/10/1966,ofjibep@wi.be
154,Adeline,Blair,8/1/1994,ratit@mub.mw
155,Adelaide,Strickland,10/8/1956,ve@bouw.uz
156,Eric,Soto,1/10/1965,iwubu@duzkocrov.an
157,Elsie,McKinney,9/3/1979,ve@pev.sy
158,Sam,Nichols,18/9/1967,ma@emitiuke.gn
159,Lula,Peterson,9/1/1999,abusofgo@oklut.bg
160,Dorothy,Bryant,9/11/1964,hehug@aj.bh
161,Lenora,Blair,17/9/1971,malbag@neweli.li
162,Jay,Hodges,26/6/1982,sitoc@netisuk.km
163,Jessie,Chambers,1/6/2001,ta@ecezec.ph
164,Charlotte,Mendez,27/1/1970,cas@po.na
165,Rosetta,Garner,6/7/1994,revzoni@wanva.kp
166,Gabriel,Barker,25/12/1999,jih@caldormit.zm
167,Lizzie,Collins,20/10/1964,er@za.ki
168,Hilda,Cummings,14/10/2000,ifrepo@itebek.bn
169,Bettie,Cannon,25/7/1992,valsow@ke.mo
170,Genevieve,Walsh,24/10/1977,movev@ik.gu
171,Philip,Herrera,21/4/1961,hu@pila.cf
172,Wayne,Armstrong,25/6/1978,zogu@sidsaheru.gd
173,Sylvia,Luna,6/5/1959,vorleaso@no.ml
174,Mabel,Olson,13/4/1987,utenokun@zeku.il
175,Eula,McKinney,1/12/1978,huudifiz@dahpu.mp
176,Esther,Andrews,16/9/1961,bezara@se.bs
177,Essie,Nash,18/11/1974,oje@we.cm
178,Dustin,Flores,13/12/1962,ku@ja.am
179,Blanche,Tyler,2/2/1965,wik@ep.gd
180,Dale,Garrett,14/1/1978,kicuwipo@kiode.uy
181,Nelle,Powers,11/7/1986,juwnap@uzabec.cc
182,Birdie,Nelson,22/2/1967,marfes@ne.by
183,Norman,Mack,12/7/1965,ci@napjenbes.az
184,Troy,Watson,8/9/1993,ucedawem@jihja.mp
185,Elizabeth,Atkins,28/5/1976,gow@vidofo.sg
186,Ricardo,Malone,24/2/1982,hewda@ukedo.pe
187,Joshua,Rowe,12/12/2000,lazjeh@fizho.mo
188,Frederick,Collier,28/8/1963,iwnihe@da.cn
189,Georgie,Bridges,21/5/1992,upigew@lezfe.iq
190,Jonathan,James,30/9/1967,pe@nehgel.qa
191,Chris,Alexander,28/1/1968,vozib@zev.to
192,Allie,Page,15/10/1997,na@osapebok.re
193,Ella,Cook,10/11/1970,nanu@ekakejna.sj
194,Don,Lowe,3/8/1963,ogo@ogozobo.pt
195,Zachary,Love,1/12/1962,nejimur@lame.tt
196,Dale,McBride,18/11/1979,lipzifad@ivekuwe.sc
197,Carolyn,Campbell,12/2/1990,ibemel@tez.cv
198,Jerry,Kennedy,9/3/1975,wejuc@su.gl
199,Walter,Armstrong,10/6/1979,ivero@pera.ar
200,Travis,Andrews,23/12/1973,pe@zuf.az
201,Eugene,King,1/8/1966,padame@gizsa.tw
202,Kate,Perry,21/7/1954,nulojeaku@hap.com
203,Sara,Henry,1/9/1993,zunipa@ji.pa
204,Lola,Sanders,10/10/1965,wu@toep.wf
205,Marvin,McKenzie,9/5/1963,volfoh@movo.ms
206,Brent,Dawson,1/3/1992,paclilmuc@omugetbo.nc
207,Jeffery,Kelley,6/4/1964,soisu@todpijov.bt
208,Christina,Torres,23/4/1958,fabofiv@lipma.af
209,Loretta,Medina,12/12/1996,naf@zewdinig.bm
210,Emma,Snyder,17/10/1960,casutim@alhohnej.il
211,Lina,Fisher,18/3/1999,taj@ilaabe.cr
212,Leona,Lawson,23/11/1956,biv@irafuta.ke
213,Donald,Cunningham,10/8/1989,gad@kakdu.gi
214,Madge,Williamson,10/11/1990,hotbuf@bozazhil.mp
215,Leah,Moss,28/4/1963,zudkadre@madil.hm
216,Albert,May,19/6/1967,uzoguid@fafarlo.me
217,Ernest,Graves,13/4/1957,kaeb@rig.lv
218,Clayton,Colon,15/5/1999,ho@fipamerov.bf
219,Olive,Walsh,7/7/1986,bubdifev@tev.et
220,Peter,Harvey,11/5/1966,cifgijkun@ci.af
221,Fannie,Nichols,3/4/1962,wam@segat.cc
222,Lulu,Baldwin,3/2/1998,nemu@cip.ch
223,Pearl,Jackson,12/10/1971,nifo@pep.nz
224,Lewis,Cortez,19/9/1992,ot@ucteva.aq
225,Eugenia,Summers,19/4/1974,esgoiw@keg.gm
226,Brett,Davidson,11/8/1999,gakujom@dodomlun.st
227,Chase,Caldwell,5/2/1955,pisru@gusteweni.bs
228,Ethan,Green,6/1/1965,ponok@bi.bo
229,Roxie,Atkins,23/10/1958,pamuk@kuz.al
230,Lillian,Lane,10/7/1969,wal@cahe.net
231,Cordelia,Hoffman,12/12/1977,oro@dafof.tr
232,Alta,Davis,24/10/1976,wummazfuv@geb.nz
233,Jay,Nguyen,17/2/1984,cupcotlet@sa.sj
234,Bernard,Montgomery,24/10/1972,fametdew@helawa.al
235,Alta,Carpenter,27/8/1958,asoraw@pe.mz
236,Jerry,Carr,13/2/1975,me@boshu.hu
237,Cornelia,Moran,5/6/1983,vuzojjat@lonpotto.sm
238,Curtis,Lawson,17/10/1974,touna@wefogut.il
239,Norman,Frank,18/5/1967,musosuh@gizmu.vu
240,Albert,Snyder,3/7/1992,we@cucgutoh.md
241,Louisa,Boyd,18/7/1988,jiwdoab@ne.mz
242,Clara,Collins,28/11/2001,icevajo@wa.mg
243,Genevieve,Pierce,15/10/1956,rodlozze@fe.mt
244,Edward,Spencer,27/6/1971,hapraruc@gicgoni.bm
245,Hilda,Garner,25/7/1989,mav@ciaj.cm
246,Mina,Sherman,3/11/1985,norguzo@remuit.md
247,Jonathan,Flowers,6/6/1956,mo@go.sm
248,Roxie,Hart,19/6/1969,egsante@sus.pw
249,Lettie,Watkins,15/6/1958,nigku@nasroj.gu
250,Lillian,Adkins,1/11/1998,litmaj@cupepizad.de
251,Jayden,Cooper,10/5/1964,rutaeze@hioni.nl
252,Mamie,Gross,25/2/1972,at@pevubnel.ky
253,Carl,Davis,10/10/1992,hufse@ta.fi
254,Anthony,Garner,8/2/1967,pikde@il.ac
255,Marcus,Pratt,10/1/1969,zi@za.mo
256,Francisco,Neal,8/9/1976,pejew@bikuw.bh
257,Irene,Lopez,9/6/1966,izeha@mohow.ee
258,Matilda,Gibson,13/4/2000,buzobi@rijom.sk
259,Cole,Santiago,19/5/1996,kigzaw@joegivot.is
260,Noah,Freeman,17/3/1993,pu@bibiti.fj
261,Lina,McKenzie,2/6/1994,komah@tad.aq
262,Paul,Lewis,25/4/1973,bij@petozfi.my
263,Sallie,Santos,23/1/1989,ewu@ega.cr
264,Lulu,Douglas,30/5/1969,su@zabni.af
265,Gabriel,Farmer,1/9/1993,deuzo@gewu.ky
266,Victor,Neal,17/10/1985,sawu@zewajla.nc
267,Gussie,Stokes,15/6/1996,hergag@dorom.nu
268,Jim,Barnett,13/1/1995,zan@dufaru.ba
269,Alan,Manning,12/5/1976,ji@uso.bz
270,Christine,Hines,18/8/1974,dukot@vut.ug
271,Louis,Watson,29/12/1974,nis@mo.ky
272,Nora,Mason,16/11/2001,pecmab@nocpun.az
273,Blanche,Banks,10/2/1964,mo@raj.net
274,Lois,Young,21/8/1998,abacot@nobazja.hm
275,Luke,Baldwin,29/4/1963,li@wilpug.tj
276,Ronald,Horton,4/5/1994,zivbe@nutisgif.mg
277,Jack,Nash,18/2/1971,co@bevekaz.ni
278,Harvey,Hansen,6/12/1990,situwe@pewisizek.gm
279,Francis,Rios,26/4/1961,bawfa@laawpuw.se
280,Bessie,Erickson,22/11/1992,ga@hogtu.la
281,Lela,Robinson,20/8/1961,nak@ot.cd
282,Janie,Bowen,13/9/2001,ejanu@ehabowa.mk
283,Randy,Curry,18/3/1962,ere@jur.tl
284,Leona,Hunter,23/10/1992,mu@fin.al
285,Floyd,Harrington,21/4/1956,ala@uhuojokod.ye
286,Allie,Luna,26/4/1956,rag@bej.gw
287,Sophie,Lucas,21/11/1992,efaalde@direhci.dk
288,Alfred,Banks,17/3/1978,laralto@duwaj.mz
289,Cory,Warren,9/6/1954,tabopali@ceruv.tp
290,Keith,Steele,16/6/1980,mubel@bicus.ba
291,Mittie,Hamilton,26/7/1994,cilwagrev@ukepa.sv
292,Viola,Ferguson,2/7/1997,apu@bukjupag.al
293,Brent,Salazar,13/10/1960,codmupa@joh.gl
294,Logan,Cruz,27/9/1981,febowgoh@sulapme.dk
295,Adeline,Lloyd,17/7/1965,ti@gu.mu
296,Edwin,Garrett,27/11/1981,wotic@tegovbel.ws
297,Lawrence,Mitchell,25/12/1999,fegac@zutper.sb
298,Cynthia,Parker,27/9/1960,fu@udzefi.cr
299,Jackson,Murphy,25/6/1986,acobas@zonuwwe.fr
300,Roger,Larson,25/7/1959,dabuzof@ikzirpur.mz
301,Christian,Wolfe,17/3/1997,hi@rafwadom.sg
302,Hannah,Hicks,4/5/1985,zafa@pawdojfad.ar
303,Frances,Roy,2/8/1998,wewpur@miwuta.nu
304,Grace,Herrera,23/4/1978,jafho@doztiek.sv
305,Eula,Luna,18/4/1966,uveezoir@mufug.ly
306,Vernon,Matthews,2/1/1978,ag@bopaw.cn
307,Jordan,Hardy,17/5/1969,ivupivoj@uw.py
308,Ricky,Marshall,27/4/1962,forko@jomu.kn
309,Linnie,Stanley,16/12/1961,biehu@waabeneb.ba
310,Abbie,Ward,19/4/1991,zakuku@ugi.sv
311,Virgie,Blair,3/9/1964,rug@za.sg
312,Michael,Johnston,27/11/1997,gisood@ikegig.us
313,Ora,Neal,30/8/1992,rijmumiva@oltego.sl
314,Mason,Reeves,17/4/1971,jigafjo@ajni.al
315,Clarence,Weber,5/5/1973,lohcogecu@kalu.bg
316,Polly,George,23/11/2001,robakma@so.sl
317,Douglas,Sims,9/7/1982,dina@ki.bn
318,Hulda,Black,9/1/1976,va@tifsaha.hk
319,Kathryn,Graves,18/8/1991,lauzikac@hiz.sv
320,Seth,Reynolds,7/7/1985,filvuwib@vivo.py
321,Pearl,Griffith,22/5/1973,kusodu@poggenmuv.nu
322,Winnie,Arnold,11/7/1995,depwatda@mubmom.sh
323,Roy,Clarke,9/1/1991,vaicsi@dalmib.ht
324,Millie,Pena,16/6/1992,hika@duputek.kr
325,Hallie,Larson,5/7/1963,bula@lokgen.ne
326,Sadie,Figueroa,24/6/1998,cupdos@mansu.mk
327,Betty,Bowers,9/10/1990,vehutdoj@ba.fr
328,Rena,Bailey,7/1/1972,on@rijre.sx
329,Micheal,Glover,17/8/1967,us@jotrab.nz
330,Mitchell,Ramos,27/7/1983,si@gu.bd
331,James,Potter,7/4/1972,vonez@dabsojobu.ly
332,Lois,Graves,6/3/1987,esla@dabhur.na
333,Eugene,Armstrong,23/10/1966,waafu@ga.fm
334,Edward,Osborne,11/3/1965,riiguujo@utcilcak.tg
335,Elizabeth,Todd,20/8/1957,collu@marsol.mo
336,Nancy,Atkins,10/6/1972,gitew@suji.sl
337,Cecelia,Hampton,18/6/1978,eftu@fi.sk
338,Cordelia,Lawrence,30/5/1981,kujpo@wul.sa
339,Christopher,Miles,15/12/1960,hedilil@jel.il
340,Lucile,Morton,17/4/1965,vi@owkowbez.tz
341,Helena,Davidson,14/12/1972,ragbuk@haar.eu
342,Cory,Hogan,4/12/1956,vecafugi@alalumuh.dm
343,Eddie,Rhodes,11/2/1997,lujhodih@gagocul.eg
344,Tom,Hubbard,17/1/1999,rezibuara@canko.rw
345,Ada,Carroll,16/11/1977,dudramva@so.gn
346,Mollie,Johnson,27/5/1965,uf@sojcibbe.bi
347,Angel,Rodriquez,30/3/1977,wirele@wefvaeb.tk
348,Landon,Lindsey,14/9/1968,ce@luvohahah.mq
349,Albert,Collier,8/10/1972,we@zimvaja.my
350,Mable,Griffin,19/10/1973,beiziad@reipilu.bt
351,Bess,Rogers,1/10/1962,ga@ho.cn
352,Ora,Mitchell,6/8/1972,da@ili.ky
353,Verna,Poole,18/11/1988,ih@ja.na
354,Rachel,Carson,11/10/1962,bateslo@dowug.ro
355,Bradley,Hamilton,12/1/1988,remog@rar.ad
356,Joe,Reid,3/12/1980,reufrog@wodbe.au
357,Lola,Burton,8/9/1973,hu@heufmim.ir
358,Mildred,Allen,27/10/1971,disdopog@hizafper.de
359,Effie,Cummings,1/9/1975,majma@gek.sj
360,Jordan,Frank,26/9/1964,aldez@im.zw
361,Milton,Rodriguez,16/3/1976,vot@todhanet.rw
362,Tyler,Pope,3/8/1959,bummub@li.nr
363,Gavin,Strickland,2/4/1965,cerlupa@ed.sd
364,Martha,Garrett,13/11/2001,ukwom@vaj.us
365,Cecilia,McKinney,18/2/1990,jam@sulol.ba
366,Craig,Spencer,6/6/1954,wap@atruni.uz
367,Elmer,Reese,4/2/1972,nehubfa@ibokalon.vn
368,Keith,Mason,28/6/1967,to@pijici.il
369,Amy,Thomas,24/1/1978,dawme@dejuk.gr
370,Winnie,Gilbert,13/12/1980,gopri@bicif.so
371,Alex,Steele,9/12/1980,hushobo@zel.sv
372,Eliza,Caldwell,29/5/1968,gac@jezilco.ee
373,Adele,Wood,26/10/1965,nufo@ke.si
374,Lela,Simon,7/9/1977,gegarlu@ukwugid.gu
375,Jim,Reynolds,22/7/1960,ziz@fabadre.sv
376,Alma,Clark,11/5/1961,lobmad@ram.sd
377,Victor,Page,17/11/1969,weradma@ruv.sd
378,Beulah,McCarthy,9/5/1977,ke@rufpici.ec
379,Dustin,Henry,7/6/1985,ezu@ba.an
380,Jessie,Todd,29/5/1960,ok@ha.aq
381,Mike,Singleton,12/2/1992,febipko@ove.gm
382,Danny,Ball,11/12/1954,fulvaaf@fotit.wf
383,Lida,Schneider,25/3/1960,bo@wijri.tl
384,Earl,McLaughlin,8/12/1977,kannasite@na.fr
385,Jackson,Davis,23/12/1994,cenlihtak@fahofde.pg
386,Violet,Webb,22/2/1993,leelew@da.hr
387,Maurice,Sandoval,31/3/1955,kosovi@naluahe.gw
388,Jason,Neal,3/5/1999,of@zas.sl
389,Olivia,McKenzie,18/11/1992,fonic@avegofcoh.vc
390,Olga,Murphy,30/5/1963,epaadbut@inisoiwa.gt
391,Elizabeth,Bush,18/12/1985,usu@efegabu.be
392,Howard,Figueroa,27/12/1981,osru@wahcaw.mt
393,Fred,Henderson,3/10/1961,ihu@duwiv.np
394,Mabelle,Erickson,7/9/1959,ji@ca.iq
395,Josephine,Ramos,15/12/1974,ilizam@cemvuca.ug
396,Jennie,Banks,19/4/1988,faakomok@zukum.kh
397,Allen,Barnes,28/4/1967,ib@zibhiah.cg
398,Teresa,Watson,29/12/1977,foki@huw.ci
399,Manuel,McCormick,14/7/1991,ik@beli.gp
400,Walter,Chavez,3/4/1993,gegimsi@ni.kn
401,Todd,Terry,12/6/1986,sufcigtim@giove.ml
402,Jorge,Scott,14/11/1955,lurwon@satop.pr
403,Timothy,Parks,7/1/1980,cokpu@ufewob.kg
404,Ernest,Payne,27/1/1965,ikihukik@ohogeg.mh
405,Anne,May,17/9/1961,zasag@zagupgi.cn
406,Mabel,Berry,29/6/1993,du@kilefih.ne
407,Clayton,Hudson,31/1/1987,jarud@kefol.hu
408,Mamie,Knight,19/7/1964,runen@laji.de
409,Benjamin,Conner,15/8/1977,iganez@mabod.mn
410,Jeffery,Pena,15/6/1957,efawuho@moflub.pe
411,Eula,Scott,1/4/1987,miz@micbummo.sh
412,Darrell,Medina,28/11/1987,ful@ki.bh
413,Dylan,Pearson,14/2/1990,jewes@pute.th
414,Rhoda,Thornton,27/5/1960,semkeh@sorusioti.nu
415,Nathan,Floyd,22/8/1954,tudsin@epibak.aq
416,Rosetta,Kim,10/3/1987,zo@zu.vc
417,Marc,Thornton,13/2/1997,piker@ofetiz.im
418,Caleb,Chapman,7/12/1961,otuhub@be.tf
419,Lucinda,Hayes,4/7/1996,zilab@da.tz
420,Marie,Alvarado,22/7/1993,narep@sadmuga.my
421,Seth,Ramos,25/8/1964,ge@bojfij.ck
422,Johanna,Collier,3/11/1994,tiosu@butes.es
423,Ethel,Graham,7/12/1955,doigumed@puku.gp
424,Dorothy,Sherman,12/8/1977,ugokuhen@ucwarka.cg
425,Amanda,Ward,11/2/1961,tobpobmon@na.gf
426,Willie,Morris,2/8/1988,owo@jasgak.kh
427,Ivan,Osborne,6/3/1981,fopein@fijdeso.ke
428,Tony,Stone,8/12/1986,lopetre@ewgad.sx
429,Cordelia,Paul,16/11/1963,gutiv@karodo.fk
430,Allen,Riley,5/5/1994,vize@munon.se
431,Todd,Barnes,12/9/1991,tum@zufu.tk
432,Cordelia,Hale,17/3/1961,sudi@uvo.sv
433,Duane,Carroll,5/3/1985,vionono@vevuto.af
434,Annie,Taylor,9/10/1965,lu@fovra.ly
435,Walter,Daniels,7/12/1961,viru@bad.bv
436,Cecelia,Alvarado,24/8/1961,be@fius.uz
437,Manuel,Burns,31/1/1971,egoso@hufe.ae
438,Pauline,Evans,7/7/1970,mih@zuluda.mh
439,Alexander,Becker,4/1/1990,jadcoj@onvaf.ai
440,Melvin,Wells,3/6/1995,noefa@tapiv.sj
441,Phillip,Boone,20/8/1960,luhihef@no.sg
442,Earl,Gonzalez,17/3/1956,ocu@riwrupo.hu
443,Nettie,Baldwin,8/11/1982,oku@lita.fk
444,Victor,Glover,18/5/1955,pokucubu@ekugu.iq
445,Belle,Nichols,29/10/1988,wohnag@ubpizoj.sr
446,Jack,Page,27/10/1998,biruz@ocehuvwez.md
447,Adrian,Black,23/4/1963,zu@huri.ec
448,Eva,Lane,15/12/1994,nu@lujazim.pf
449,Rena,Erickson,4/2/1955,jikkawub@pe.ml
450,Lenora,French,11/11/1989,jogonira@bofez.dz
451,Barbara,Barton,7/9/1986,hebkatuf@af.cc
452,Arthur,Jenkins,10/5/1989,uwusehpen@sojhipu.sn
453,Mitchell,Thornton,8/5/1955,ku@erove.hm
454,Blake,Soto,1/2/2001,gawih@seamfa.ca
455,Eunice,Brown,27/5/1996,koh@ukguf.gd
456,Mollie,Goodwin,27/1/1958,gejihumi@ohejegaj.sm
457,Ronald,Diaz,13/3/1996,fipe@vocge.pw
458,Tom,Padilla,4/4/1989,irpu@ciweh.au
459,Lucy,Montgomery,5/1/1969,neupuma@bi.sm
460,Hettie,Barton,28/8/1981,uso@ten.lb
461,Harriett,McKenzie,5/5/1985,fa@wevapupu.sv
462,Elnora,Young,15/12/1979,zad@nubecu.my
463,Duane,Holt,21/4/1962,fodo@adjuw.us
464,Adrian,Fowler,8/3/1999,ika@imu.aw
465,Don,Nichols,15/3/1993,wuj@zu.kr
466,Arthur,Miles,19/8/1960,vigockob@fobum.sr
467,Emilie,Sutton,11/12/1972,bug@fekgo.ph
468,Ida,Schwartz,23/9/1999,un@pafoseb.pn
469,Jane,Richards,13/8/1976,vilgo@uguamhi.se
470,Louisa,Moreno,24/8/1962,tecap@sin.nr
471,Victoria,Stokes,16/10/1956,curle@si.ca
472,Louise,Garrett,6/7/1956,dofojoz@wedow.gw
473,Jose,Vasquez,24/6/1963,vajacuz@muvela.bm
474,Jennie,Higgins,14/9/1991,dabowa@cugugkec.kr
475,Jimmy,Perkins,5/12/1989,gecciheco@ja.mz
476,Hettie,Porter,29/3/1962,fewizeku@sisfapjom.uz
477,Franklin,Brock,1/11/1980,dujep@selpo.cz
478,Lester,Brown,2/7/1989,dizekro@eddim.edu
479,Vernon,Curtis,26/1/1972,deplik@guici.tt
480,Dorothy,McLaughlin,17/1/1979,tuinve@gu.ax
481,Cole,Hogan,18/11/1983,ku@zawgi.td
482,Lydia,Allen,12/3/1982,livdibuf@umiwa.io
483,Milton,Castillo,8/3/1997,tabcef@gi.ug
484,Elva,Guerrero,25/12/1954,imoema@eglaero.io
485,Gilbert,Barker,13/8/1965,ufna@retossi.jm
486,Rosalie,Kelley,24/7/1998,viakoum@va.yt
487,May,Stephens,10/6/1989,lifowwiv@as.je
488,Rosetta,Harmon,18/1/1958,pozutnad@ta.gov
489,Dylan,Strickland,5/4/1990,hosuti@dimel.ar
490,Cora,Reid,16/6/1966,fid@walav.bt
491,Hunter,Brown,13/1/1982,apohevo@luve.aq
492,Jacob,Harvey,11/2/1996,finurmit@ho.lr
493,Winnie,Snyder,30/5/1956,ragpigoh@upoas.pw
494,Jesus,Bishop,10/12/1983,bobip@nucjucce.gb
495,Celia,Lyons,26/8/1992,kuswos@loho.il
496,Terry,Allison,17/2/1989,gidlan@nikgipo.sj
497,Micheal,Hoffman,7/6/1994,har@neuceusi.ke
498,Inez,Spencer,14/6/1956,hevera@fiwepuf.nf
499,Bertie,Gonzales,19/1/1970,sofweb@ko.au
500,Scott,Malone,13/12/1969,jiavi@pe.gm
501,Marie,Stephens,24/9/1969,cum@vadsa.bv
502,Jennie,Doyle,15/8/1954,mos@le.bw
503,Violet,Medina,16/11/1978,elduh@boserkib.zm
504,Franklin,Thomas,17/9/1976,uc@simaf.it
505,Viola,McGuire,16/1/1957,was@ru.bf
506,Josephine,Rowe,25/10/1975,ata@va.ps
507,Jonathan,Cobb,27/7/1964,vinhiw@joweswe.eu
508,Bruce,Black,26/9/1985,jopib@akwu.tk
509,Gordon,Carpenter,28/3/1972,razmok@oze.ne
510,Glenn,Nguyen,18/12/1999,dihefu@bote.hn
511,Olivia,Cobb,9/4/1955,umu@di.fr
512,Amy,Watson,13/10/1967,uftoguk@gapekho.gf
513,Verna,Obrien,8/9/1981,wuusuwug@cazkammoc.bm
514,Isaac,Simon,7/6/1962,jo@relewe.gb
515,Gene,Alvarez,26/9/2000,zazdi@ocsogo.mx
516,Jackson,Silva,13/10/2000,telmic@nurmadi.br
517,Alan,Lucas,19/1/1982,wikwib@te.lv
518,Francis,Johnston,8/4/1955,diwovzi@pehhun.cv
519,Clayton,Byrd,26/8/1971,ki@dilagti.pn
520,Ellen,Walters,5/5/1955,beucu@je.fm
521,Thomas,Collins,7/9/1957,vogofwe@la.sk
522,Owen,Lowe,22/4/1966,sit@ahoecu.it
523,Stella,Bryant,23/5/1974,ab@af.bb
524,Leona,Hawkins,13/11/1993,iducibwok@topguse.co
525,Jorge,Herrera,30/3/1999,uhnoncat@pawkepowo.ai
526,Ivan,Ramos,22/7/1971,vu@zim.am
527,Leah,Rhodes,5/2/1964,sorhez@hozhomo.sx
528,Leon,Simon,23/11/1971,weafies@bo.vc
529,Derek,Wheeler,6/4/1957,ma@lalsatdah.gov
530,Henrietta,Mack,20/3/1998,wevwil@mor.hn
531,Alex,Paul,21/12/1977,rosiceos@vemmuhi.pm
532,Sam,Walsh,31/10/1959,evuro@kaw.py
533,Don,Scott,8/6/1969,wetsofrud@nol.tn
534,Julian,Boyd,27/4/1981,ruf@vut.mw
535,Daniel,Jackson,6/8/1986,huc@weohuuz.lc
536,Alma,Gregory,24/10/1998,borilte@kiwa.py
537,Terry,Hart,8/4/1982,sow@atdun.tk
538,Hilda,Morgan,7/9/1955,zojibes@rilem.ad
539,Roger,Sims,30/3/1986,pocafi@sicnap.gg
540,Rose,Cummings,26/2/1975,fu@ona.ee
541,Norman,Christensen,2/1/1978,jok@numinukof.gy
542,Lucas,Summers,13/1/1991,dan@ka.mc
543,Jimmy,Bush,12/3/1996,watfijno@gedoco.mr
544,Leah,Moss,15/5/1998,naukeze@ih.ug
545,Ella,Willis,17/12/1977,de@af.iq
546,Nathaniel,Strickland,28/8/1957,naeno@wuldag.io
547,Steven,Carlson,3/1/1960,bo@ollukab.pm
548,Earl,Harrington,26/9/1980,elre@nof.za
549,Darrell,Welch,18/5/1989,nejor@jej.st
550,Ada,Hoffman,26/10/1977,ali@mowju.fo
551,Callie,Wolfe,10/12/1999,puj@cacmavfev.io
552,Jacob,Page,15/7/1982,rasedace@wepa.cn
553,Jordan,Jimenez,2/1/1965,hiwazet@lekba.ck
554,Lettie,Warner,7/8/1984,zaljob@ro.tl
555,Victor,Fitzgerald,21/2/1988,dumjuuc@ar.sd
556,Ernest,Carlson,26/8/1991,judav@juevipiv.by
557,Ada,Mills,24/3/1974,roaz@jum.sa
558,Stanley,Hammond,16/1/1972,pusguwo@uvu.vi
559,Dale,Carson,26/7/1976,gocega@egataive.ve
560,Lena,James,11/7/1984,mearorab@jike.gi
561,Dale,Paul,17/5/1954,ihalusez@zo.uz
562,Belle,Blake,10/9/1958,bok@feroj.gu
563,Sophia,Harmon,11/5/1958,fipani@vuw.co
564,Beatrice,Gibson,5/7/1964,or@neilo.jp
565,Anne,Reeves,14/2/2001,po@uda.ky
566,Aiden,Newman,18/6/1971,ege@rijispeh.pw
567,Maude,Higgins,13/1/1959,davi@ulfin.zm
568,Rodney,Maldonado,23/7/1991,wipikogu@japopwu.mq
569,Andre,Wilkins,31/1/1994,vuztaw@fev.ly
570,Matilda,Woods,18/7/1962,cabfe@ridgiz.ga
571,Essie,Dixon,20/2/1965,hev@wusze.gs
572,Mabel,Fuller,25/4/1996,nub@ohiahewu.cx
573,Eunice,Morgan,23/6/1956,fip@jisacge.ps
574,Willie,Stokes,19/7/2001,vitceg@kaiwte.pn
575,Helena,Kim,4/6/1959,red@em.gs
576,Nellie,Holt,20/8/1979,meiggud@cuvgij.uy
577,Johnny,Cortez,1/11/1974,satwudigi@jab.kn
578,Lucille,Gordon,14/9/1973,todangul@mu.fr
579,Hester,Franklin,15/8/2001,malkansuk@rombesa.ke
580,Belle,Brady,31/7/1997,hoh@heno.cu
581,Phillip,Silva,18/10/1963,tonopnuh@zemazu.nu
582,Elnora,Lamb,8/1/1969,wot@sopeblag.mz
583,Lois,Little,28/11/1998,ujke@in.km
584,Larry,Lynch,25/6/1974,ruvumi@gupikjom.bj
585,Sara,Clarke,29/11/1963,zah@alu.uz
586,Benjamin,Reynolds,3/7/1965,vogaen@wa.za
587,Charles,Powers,10/11/1999,ameut@ihi.tr
588,Jacob,Ball,4/5/1980,fuh@bev.us
589,Adrian,Burgess,9/8/1989,nof@mehgig.sr
590,Julia,Washington,25/8/1984,icvilmem@iroraki.gp
591,Joshua,Malone,7/6/1972,citbaut@hokow.pe
592,Lida,Cox,3/9/1982,zisevvaw@ij.my
593,Ralph,Cummings,3/5/1992,cosicku@wem.co.uk
594,Jonathan,Estrada,26/9/1991,ojepe@mecpotcu.na
595,Beatrice,Stewart,24/1/1962,voszelaba@cojamo.tl
596,Lillian,Strickland,24/5/1968,teohobe@caapeje.ba
597,Patrick,Flores,28/6/1955,vikic@wobinemu.za
598,Martha,Curry,24/4/1983,zufo@ka.tw
599,Frances,Adams,30/5/1954,ic@cimih.mo
600,Dorothy,Gomez,19/10/1957,riham@keplulbo.gy
601,Flora,Haynes,3/9/1994,midu@elucu.sl
602,Leon,Osborne,9/6/1969,vehieb@huhnac.tj
603,Eugene,Boyd,10/2/1967,beawcu@bez.zm
604,Augusta,Montgomery,14/11/1963,ebvidaho@ov.sy
605,Matthew,Gross,3/2/1958,vucedinis@nuvejek.pt
606,Glen,Freeman,23/10/1971,um@zuarilaj.kh
607,Warren,Medina,13/6/1966,la@bejsim.tv
608,Effie,Soto,3/6/1991,li@wuw.vg
609,Esther,Dean,17/8/1999,dunad@jo.no
610,Wayne,Hudson,10/8/1964,tackiiv@ocwu.vi
611,Rosetta,Ortiz,21/4/1973,gomuuk@dige.cy
612,Cornelia,Berry,22/3/1972,pehowgug@avipocwa.bq
613,Howard,Schmidt,18/11/1999,vebgi@fevwi.na
614,Nell,Richardson,9/7/1997,dadef@namdaar.gq
615,Ruby,Chapman,20/7/1983,ma@ilu.es
616,Sara,Edwards,10/2/1965,de@raski.zw
617,Stella,Roberts,26/4/1993,ba@donuce.aq
618,Cornelia,Reeves,27/3/1954,no@ob.ec
619,Fred,Tate,10/4/1973,vuzwomhuw@agumod.id
620,Adeline,Mendez,26/3/1956,ad@babevjid.tv
621,Brent,Schmidt,31/7/1997,dokig@joika.ir
622,Maude,Moody,19/3/1960,kupvoju@ve.no
623,Grace,Rodgers,3/2/1962,sokar@nohrit.ao
624,Ora,Schmidt,7/2/1959,amire@titnigow.mo
625,George,Welch,1/12/1986,edetem@rir.gt
626,Raymond,Jensen,12/1/1993,gozatdiz@hubtoco.mv
627,Edwin,Gardner,16/1/1963,bohzul@fobafiem.gf
628,Emily,Bowen,4/1/1983,rip@akimu.ne
629,Isaac,Moody,22/9/1956,tigeri@duwdeltim.mh
630,Lucile,Weber,11/10/2000,uj@megwihluz.edu
631,Rhoda,Jimenez,6/4/1964,bof@vaoc.am
632,Mae,Mann,3/12/1992,zomkur@ase.bi
633,Ann,Robbins,7/10/1976,civbomjup@ze.ke
634,Nora,Lindsey,21/9/1977,okpunaj@ocehe.dj
635,Theresa,Guzman,2/8/1994,wan@risbiger.be
636,Don,Walker,2/4/1956,honozeb@voj.rw
637,Olga,Clarke,22/8/1992,tofa@lucpebpiv.fm
638,Glenn,Graham,19/1/1958,gougohe@midbupe.bm
639,Noah,Long,10/5/1962,ahuna@tab.co
640,Vera,Guzman,11/1/1999,icuapu@karam.gl
641,Dean,Tucker,2/10/1954,sohire@tafhutab.ky
642,Lawrence,Sparks,21/5/1964,ekufir@suweb.cl
643,Belle,Taylor,14/2/1954,idvi@le.co
644,Jayden,Collier,1/6/1998,miwko@fahih.edu
645,Jesus,Morales,20/9/1957,ipocijdi@metoke.cc
646,Andre,Hoffman,28/10/1955,caveco@somif.gp
647,Jeffrey,Benson,13/1/1973,hof@igufen.tr
648,Joseph,Spencer,14/6/1966,ido@onisebse.hr
649,Olga,Garza,29/9/1971,wor@wezefif.bj
650,Annie,Adams,26/1/1974,ibehila@ce.kz
651,Bill,Dennis,14/6/1983,ro@giswoli.lr
652,Ernest,Blake,16/10/1961,povsaudo@loctec.ke
653,Julia,Tate,1/10/1978,bo@litidif.gq
654,Jane,Moody,23/11/1969,hi@judore.dz
655,Ada,Stevens,18/10/1993,wouvkof@caiz.tr
656,Chase,Vega,9/9/1981,olladpen@bawvapov.mm
657,Steve,Walker,4/5/1980,jal@ser.to
658,Laura,Sherman,1/9/1965,sufmop@zuf.wf
659,Maurice,Knight,1/5/1979,ce@ecota.gy
660,Amelia,Garner,12/1/1962,ca@olo.er
661,Martin,Mathis,12/3/1994,dithevig@je.lr
662,Connor,Stone,13/10/1991,wet@hapu.co.uk
663,Allie,Sanders,8/7/1965,je@kejnivuwe.bz
664,Mae,Doyle,22/3/1999,ba@nogecav.nu
665,Inez,Lambert,15/12/1970,oli@enu.ru
666,Virgie,Thomas,23/4/1982,jemrahat@cuas.mv
667,Isabella,Douglas,8/2/1958,zemiz@muksajlo.net
668,Lela,McDonald,4/11/1970,ogo@ofkuos.am
669,Frank,Phelps,8/8/1957,gohhecli@comvu.gw
670,Edgar,Powell,30/12/1984,zi@zaw.gp
671,Ryan,Gibbs,27/4/1997,tomke@vewhalem.im
672,Lula,Harmon,23/5/1959,fa@gafbem.sv
673,Laura,Henry,13/5/1991,gavvek@huzuno.tr
674,Wesley,Aguilar,10/9/1986,eloewkiv@vuksip.tl
675,Mayme,Webb,11/12/1970,ogara@pe.sd
676,Marie,Alexander,24/5/1992,bi@cuc.al
677,Lois,Steele,18/6/2000,isa@aj.fj
678,Blanche,Perez,1/4/1988,mujwal@nu.lv
679,Nettie,Singleton,27/8/1980,piz@usguir.sm
680,Nelle,Sullivan,10/7/1974,zepitnun@wa.gf
681,Alma,Marsh,20/1/1975,totbeek@co.ao
682,Sallie,Rhodes,2/1/1994,ilu@hebamgu.bi
683,Lilly,Gordon,29/7/1971,irderti@toozeva.md
684,Belle,Perez,16/10/1957,ozfe@mozulpul.ni
685,Lula,Curry,3/9/1988,bo@rop.iq
686,Alex,Spencer,17/10/1984,faflok@voibzah.cw
687,Hettie,Harrison,6/2/1992,vajeg@gi.km
688,Christine,Armstrong,17/3/2000,pimgocpi@kemkuwmen.al
689,Cordelia,Kim,26/6/1983,lewawed@fejiz.id
690,Beatrice,Pearson,18/5/1981,amatalru@gecedi.mn
691,Pearl,Brooks,27/2/1988,ifu@heliwfuw.tk
692,Ethan,Nunez,8/5/1993,bohuon@hav.gb
693,Andrew,Chambers,8/5/1969,beertaz@vojcersih.gg
694,Corey,Sanders,8/12/1985,sovrofzo@nigdofi.bg
695,Belle,Lowe,25/5/1977,kiweg@pe.bo
696,Mollie,Johnston,4/10/1995,celustew@narope.tk
697,Brandon,Adkins,27/10/1999,pow@bictu.mw
698,Michael,Moody,11/5/1961,irisu@kihoz.dz
699,Ella,Atkins,29/8/1959,laare@fen.ws
700,Marian,Maldonado,11/4/1957,ogo@bicnum.ec
701,Mattie,Holland,12/3/1956,ratuj@uwaftaz.me
702,Josephine,Boone,2/11/1954,bob@jauronuw.cz
703,Aaron,Wheeler,18/11/1982,magwid@nic.la
704,Allie,Bowen,22/7/2000,ceucu@dob.ru
705,Curtis,Padilla,20/8/1996,mow@patbo.sx
706,Alberta,Lucas,24/6/1988,adoti@nabasogi.as
707,Adele,Warner,23/2/1981,sotasi@keggocko.bw
708,Stephen,Williams,11/10/1986,dic@fube.pk
709,Sean,Robbins,24/11/1965,pam@ojnupav.bt
710,Mae,Glover,10/4/1955,omdelev@fugihgiz.ps
711,Betty,Richards,4/4/1995,ogciz@hohlenum.om
712,Leo,Myers,25/2/1980,esjuco@un.li
713,Rose,Dixon,24/12/1976,rowtogu@zoc.com
714,Dennis,Clayton,26/4/1990,zapanuiv@caepa.org
715,Amanda,Gilbert,2/5/1983,vubrovem@nov.tl
716,Hattie,Wells,7/3/1957,efopakre@vilwum.bw
717,Russell,Newton,27/7/1967,cuip@espi.th
718,Austin,Rodgers,21/3/1982,ivavug@uv.ls
719,Ernest,Douglas,26/11/1981,amolece@huke.nr
720,Fannie,Jefferson,20/9/1973,etomaj@okidag.gh
721,Martha,Cross,14/3/1982,hebujse@viv.gq
722,Bradley,Thomas,30/7/1986,juralim@olozir.ke
723,Jim,Lloyd,27/4/1961,upisovfi@hafe.gq
724,Barry,Ruiz,22/8/1985,silco@ba.ug
725,Isabel,Willis,1/1/1965,afmubo@wedaw.lt
726,Robert,French,18/3/1980,joc@nisic.vu
727,Shane,Walsh,25/1/1992,fausaaho@gu.gy
728,Isaac,Ray,13/11/1961,pesuat@elukgiv.ve
729,Caroline,Bowen,22/6/1980,suagkoc@kel.co.uk
730,Fanny,McGuire,8/7/1982,tewetuobu@sitsud.by
731,Billy,West,12/12/1995,we@ahorec.iq
732,Nelle,Bryant,16/4/1976,sapu@debzoz.dk
733,Harvey,Rodriquez,20/4/1965,juv@fi.cr
734,Myra,King,5/5/1992,eva@mifofoho.com
735,Susan,Houston,1/1/1976,fu@vasti.ae
736,Mason,McKinney,26/8/1982,ibehepam@biiji.sz
737,Eleanor,Parker,29/6/1980,zamzor@gaddufo.cd
738,Jeff,Grant,7/2/1956,fajtuwro@ivubarkoc.ua
739,Josie,Scott,25/10/1983,do@to.us
740,Mario,Rodgers,17/9/1979,setu@utaniccu.il
741,Franklin,Nichols,4/1/1988,warna@co.cx
742,Christian,Harper,1/11/2001,wi@vove.tp
743,Eric,Tyler,7/11/1979,ed@ig.tv
744,Jorge,Holt,26/9/1985,esaoz@icgen.ve
745,Patrick,Christensen,21/5/1976,cu@mufe.va
746,Cecelia,Munoz,27/11/1975,upad@lo.ye
747,Jorge,Hamilton,3/4/1985,iwi@rufibic.sy
748,Ricky,Jacobs,21/10/1962,idpiojo@zitu.sx
749,Trevor,Ingram,5/4/1976,mafpapuwu@elur.vc
750,Katherine,Neal,20/1/1998,tujgev@vuuh.ag
751,Victor,Tate,18/9/1973,wozi@ge.ch
752,Sarah,Henderson,27/8/1955,kisoc@ez.kr
753,Philip,Buchanan,11/6/1989,uwener@bumgipam.ss
754,Mable,Patton,27/5/1970,ruvfis@tajioc.ie
755,Harold,Lamb,6/7/1969,cugi@figeluli.hr
756,Chris,Malone,14/7/1956,buptamzow@upeegual.sv
757,Lizzie,Hawkins,21/10/1972,ta@raggi.hu
758,Johnny,Gutierrez,25/2/1974,jiwud@porat.nl
759,Myrtie,Williamson,11/6/2001,icik@avuuwno.tp
760,Jean,Thomas,31/10/1984,zu@evebof.bo
761,Steve,Moore,21/10/1998,tucugse@ivu.kw
762,Luke,Stewart,21/2/1965,segajowu@ekewu.gov
763,Sam,Stewart,3/5/1972,asigufos@rinpunic.ao
764,Brian,Morales,25/12/1997,wubekain@jebvel.it
765,Marcus,Ryan,29/10/1987,hotu@ninij.pk
766,Mina,Stephens,27/5/1980,aze@asuewafim.tp
767,Vincent,Todd,9/8/1967,hijot@cih.fk
768,Warren,Gibson,4/7/1971,polzeplir@tedatmug.bm
769,Adele,Cole,17/1/1994,tiv@cuv.ve
770,Christian,Ross,18/8/2000,jojmi@con.ar
771,Louis,Nichols,24/12/1956,bavifo@taltavpab.org
772,Harvey,Potter,5/5/1965,tusud@junifiv.tj
773,Floyd,Jones,2/3/1994,oho@jepsep.pl
774,Lola,Ramos,28/12/1966,hoepuwo@nijvolfi.ax
775,Eric,Bowers,31/8/1978,ge@senawhu.so
776,Herman,Bennett,4/2/1967,ebokinna@savilral.gy
777,Dominic,Briggs,7/7/1966,elnut@zow.to
778,Lucy,Hansen,8/12/1973,hewne@ceze.pr
779,Steve,Moran,29/3/1977,kokzeowa@ohhoci.je
780,Warren,Harper,27/1/1994,rokkomi@haron.er
781,Maggie,Richardson,7/8/1956,ijati@mu.aq
782,Calvin,Rios,18/1/1973,mudifhen@tonwaup.gm
783,Winifred,Brooks,9/3/1977,pude@geroh.eh
784,Benjamin,Stone,20/7/1976,tewgiapa@fidka.tf
785,Della,Jacobs,18/2/1966,ze@rahvial.tg
786,Nina,Floyd,12/1/1993,ihoihafor@dunohu.tz
787,Addie,Howell,9/9/1982,siicimo@vatbo.lr
788,Melvin,Dawson,26/2/1961,godku@ceijso.gl
789,Carlos,Bush,21/10/1966,do@ar.bj
790,Marvin,Stewart,28/8/1989,ler@lesziw.ca
791,Mary,Sutton,16/1/1968,avo@pofad.ki
792,Eva,Long,4/7/1976,ricrin@li.ao
793,Edwin,Mitchell,27/2/1964,wilho@ufijodu.sv
794,Francis,Logan,6/10/1970,dafeh@nufaciri.is
795,Lawrence,Osborne,28/10/1954,tobhus@visimuci.zw
796,Jason,Hall,23/7/1962,dub@timewah.sd
797,Gabriel,Brown,5/9/1957,lelho@ritful.hn
798,Mollie,George,24/12/1966,cihom@wina.kn
799,Sara,Pena,22/7/1976,cufjaj@get.fi
800,Ronnie,Garner,24/4/1970,mese@kefbula.mc
801,Amy,Mann,9/6/1988,soabi@ab.tm
802,Eunice,Simon,5/5/1992,pu@heneboni.co.uk
803,Rhoda,Lynch,12/12/1997,ugdecu@noro.tc
804,Martin,Barton,31/12/1980,iroil@uhihelga.mk
805,Marcus,Page,12/4/1972,olo@vibak.gt
806,Jeffrey,Pittman,4/7/1979,defdifis@ugo.rs
807,Bessie,Hampton,12/7/1970,ca@zut.uy
808,Alice,Schultz,26/4/1954,en@sanuuc.gov
809,Garrett,Robbins,8/2/1974,epko@kor.cx
810,Stanley,Moreno,19/8/1997,depaz@ucojirnaw.pl
811,Chester,Hudson,26/5/1996,vejpog@kascez.org
812,Lelia,Barber,10/7/1976,tof@hefhe.bg
813,Kyle,James,15/10/1960,ri@ir.edu
814,Mike,Wise,15/11/1954,donwe@wegwuzmoc.in
815,Ruth,Bowers,14/5/1959,jacdagu@gimwohar.kn
816,Gussie,McKinney,21/5/1970,cogtoop@jodzakjos.gt
817,Jesse,Green,28/10/1999,pife@ipmitij.na
818,Delia,Jacobs,18/2/1969,tufvamijo@du.sl
819,Gilbert,Ingram,19/12/2001,ahzawok@rozu.gr
820,Bobby,Jennings,27/12/1957,sodcarub@noselrak.sb
821,Noah,Reid,11/5/1997,er@ceav.ug
822,Bryan,Waters,30/12/1961,estasce@mos.ne
823,Emily,Harvey,4/5/1989,genbolwut@zomi.cf
824,Brandon,Andrews,6/3/1972,fu@ginef.vg
825,Mitchell,Ruiz,30/10/2001,ta@dosi.mv
826,Lenora,Cross,5/9/1982,hivu@jalca.fm
827,Tom,Ramos,12/9/1984,hujgap@lo.ck
828,Darrell,Griffin,2/5/1959,ufi@peule.nc
829,Jesse,Graham,30/7/1957,vodkiwob@zun.cz
830,Caroline,Warren,7/7/1991,cokimeto@rulota.ir
831,Roger,Kelley,7/10/1954,turibziz@hu.sl
832,Brent,Munoz,5/11/1999,oguij@tutsiw.dm
833,Bertie,Barber,12/2/1965,hig@fogilvaw.cz
834,Kathryn,Higgins,18/8/1958,lib@joguduewo.kr
835,Ernest,Evans,26/10/1996,zunim@akonig.fi
836,Peter,Ramsey,7/1/1996,vegapsog@nec.gf
837,Katie,Fleming,12/5/1999,sotige@pu.cm
838,Nina,Horton,20/6/1984,pi@ca.co.uk
839,Eunice,Hall,14/9/1960,desetbon@obka.ml
840,Raymond,Martin,23/3/1960,avitaso@lebsisri.dj
841,Inez,Hogan,22/6/2001,ve@fojgauve.zw
842,Sylvia,Olson,19/6/1980,siwipac@ehe.eg
843,Olivia,Park,24/7/1984,huz@diwpudar.ir
844,Milton,Bell,6/10/1991,vej@tal.aq
845,Norman,Thornton,30/1/1967,jahzoed@ujo.pe
846,Vera,Morton,2/3/1994,zothuptag@wac.hk
847,Francis,Roberts,13/3/1979,lutpu@berur.tc
848,Luis,Hampton,22/1/1983,nonraci@pilar.im
849,Maud,Elliott,27/5/1971,pustuki@cosib.dz
850,Augusta,Hicks,28/4/1963,tijajhi@vemeer.ae
851,Floyd,Shelton,21/2/1993,sad@hi.mx
852,Leon,Crawford,4/7/1955,cour@zu.vi
853,Isabelle,James,15/12/1962,runiwo@meaca.uk
854,Lillian,Jenkins,21/8/2001,em@bulerejeg.lu
855,Emma,Thomas,23/1/1971,cum@cuw.sd
856,Amy,McBride,13/6/1961,gop@unhuc.wf
857,Abbie,Mills,16/10/1972,vu@sadnacmi.nc
858,Bess,Peterson,1/8/1986,paogi@jime.rs
859,Milton,Hopkins,11/7/2000,sejrorta@hovfenaj.pg
860,Oscar,Murray,2/7/1958,wogiljap@ha.cz
861,Stella,Soto,8/10/1971,ujula@pajegi.lt
862,Bruce,Carr,9/6/1984,awocun@azorek.td
863,Adam,Griffin,4/12/1978,fudma@jez.co.uk
864,Mabelle,Hart,19/5/1956,ezo@wan.pa
865,Sally,Obrien,19/5/1990,mitdav@go.tg
866,Mike,Meyer,12/10/2000,mel@hur.so
867,Keith,Goodwin,20/1/1985,wuomefiw@me.pt
868,Iva,Elliott,12/1/1962,gazage@sub.gd
869,Aaron,Moran,2/10/1970,an@lutfa.cf
870,William,Mack,5/9/1965,go@bebjo.td
871,Andre,Craig,7/12/1962,baz@daz.tt
872,Miguel,Jensen,20/12/1991,cina@elsu.gd
873,Bertie,Wise,13/10/1969,wegpo@hogpo.mn
874,Bessie,Evans,12/9/1979,je@na.tk
875,Clara,Sparks,28/10/2000,jikpuhsom@supte.th
876,Ray,Pittman,24/12/1999,la@sej.hn
877,Theodore,Roy,24/1/1965,jeju@ham.ie
878,Owen,Richardson,12/4/1973,ardag@locum.mo
879,Brett,Owen,2/10/1995,zusap@epu.bd
880,Arthur,Gibbs,3/10/1981,josdo@puka.br
881,Martin,Hanson,23/12/1991,vo@faz.uz
882,Stephen,Miles,21/4/1972,moz@tublildu.tk
883,Flora,Hampton,16/11/1981,zariw@owucu.at
884,Calvin,Palmer,17/11/1995,cuve@avuwaope.am
885,Ethan,Phelps,13/9/1964,iwivo@kega.gh
886,Russell,Ballard,4/1/1986,nulibe@venet.et
887,Marc,Fletcher,16/4/1982,da@wuna.gh
888,Erik,Vargas,1/12/1992,bizkih@cegmazfef.bt
889,Charlotte,Martin,15/8/1969,milu@rabikag.ps
890,Cynthia,Mathis,1/3/1960,worus@vucno.mm
891,Jerome,West,2/9/1959,sagifhob@dova.kz
892,Eva,McGee,2/4/1954,fowdup@vabwifho.ph
893,Bertie,Fox,19/11/1985,cut@jifkifzed.me
894,Mabel,Duncan,17/2/1957,ugne@memos.kh
895,Alfred,Robbins,26/5/1988,wucaslo@teczi.rw
896,Jeffery,Duncan,24/3/2000,filo@em.dm
897,Nancy,Adams,21/7/1970,hoclu@fojafe.tg
898,Rebecca,Duncan,14/1/1983,diwvod@ifakefin.ie
899,Dale,Haynes,14/8/1963,hehfuh@emoluk.ni
900,Katharine,Hill,13/12/1984,izujeske@bor.qa
901,Eula,McGuire,14/7/1971,faeti@metna.cz
902,Joe,Thornton,25/11/1983,gu@iwu.rs
903,Mabel,Dixon,23/12/1974,gorudi@ri.na
904,Lucy,Jimenez,14/9/1982,dovne@va.ac
905,Joshua,Carpenter,23/3/1969,watabama@nuuzo.ve
906,Nettie,Adams,6/3/1971,um@ise.ni
907,Emma,Sanchez,1/2/1997,rat@folov.mo
908,Ricardo,Stone,29/12/1977,cemifog@jena.tj
909,Irene,Hart,12/1/1979,kipta@ezciek.au
910,Cecilia,Padilla,2/5/1964,litib@kiz.kn
911,Lulu,Bush,5/3/1961,he@ojjupe.hn
912,Eunice,Rhodes,1/2/1958,pafu@cijo.vn
913,Randall,Shaw,23/7/1982,puvjabov@duj.me
914,Effie,Jimenez,19/12/1989,zurec@gopihu.gy
915,Manuel,Maldonado,16/1/1984,nizsire@si.bt
916,Richard,Barber,21/3/1967,rejicig@vervevtam.mw
917,Inez,Green,15/8/1991,er@uw.vg
918,Sophia,Poole,11/9/1989,socnojbi@si.mk
919,Duane,Owens,14/4/1986,ur@tapul.bb
920,Paul,Figueroa,12/6/1970,tucca@hetin.tf
921,Callie,Hamilton,26/10/1973,kiwvu@epe.gu
922,Olive,Stanley,21/7/1955,vagu@sasa.mw
923,Jerry,Chavez,30/5/2001,loza@dansavep.kp
924,Cynthia,Bridges,21/10/1998,kigu@an.yt
925,Cynthia,Gibson,1/8/1982,ra@mok.sk
926,Jennie,Fisher,30/11/1975,gen@rop.gl
927,Elmer,Patton,17/9/1990,bubvahid@ko.sl
928,Billy,Alexander,13/4/1977,wijur@okunid.cg
929,Edith,Luna,28/7/1984,zicapsu@toco.si
930,Tyler,Hodges,17/9/1963,belafruj@wapdo.st
931,Grace,Duncan,21/9/1971,je@pag.za
932,Stella,Yates,20/8/1982,riczic@zarsi.cz
933,Edith,Barker,23/2/1983,ruwruk@nun.tw
934,Alexander,Shelton,27/4/1959,fad@reof.pn
935,Steven,Tucker,2/11/1984,zutahu@zebwezag.ki
936,Micheal,Young,18/3/1989,teiroli@nu.tk
937,Carrie,Gray,12/4/1987,muna@fiwbaja.gf
938,Loretta,Gordon,22/6/1962,me@zoro.com
939,Travis,Gonzales,28/2/1974,zuhhubo@gaz.tm
940,Lelia,Barber,7/8/1962,wuewizi@en.wf
941,Juan,Garza,8/1/1997,apla@fepdeure.ne
942,Mildred,Lopez,11/5/1965,meduta@po.mp
943,Alberta,Moran,18/1/1958,zipkazak@dabizwas.cy
944,Jay,Haynes,24/4/1962,bokhaz@osovoj.np
945,Maud,Russell,19/10/1998,har@vave.tp
946,Delia,Warren,6/11/1988,ocu@jel.cz
947,Rachel,Cunningham,7/4/1959,foler@kaovi.cu
948,Flora,McCoy,10/9/1988,fu@fucve.cl
949,Lilly,McLaughlin,27/9/1992,duvsudmi@ve.iq
950,Anne,Ramos,30/4/1984,ladul@ag.gw
951,Rosalie,Henderson,10/4/1964,cilirrip@vac.ua
952,Olivia,Hunter,18/1/1972,veca@nupcirci.hk
953,Gertrude,Stewart,15/6/1972,miv@es.gw
954,Lucy,Caldwell,1/2/1989,gevfuncic@puso.rw
955,Charlotte,Allison,27/4/1982,ruli@oka.pn
956,Dominic,Pittman,5/9/1997,vimu@hapteco.lr
957,Sophie,Hampton,5/1/1985,mupowod@bupeno.et
958,Duane,Vargas,14/6/1993,za@uruk.au
959,Jennie,Murray,6/5/1962,apduk@jifid.rs
960,Barbara,McGee,8/3/1961,han@ge.ie
961,Maude,Luna,3/12/1978,daahi@mav.sk
962,Carolyn,Gross,19/7/1972,lu@ecsij.py
963,Randy,Page,12/8/1995,abo@vufneow.ps
964,Jeffrey,Horton,9/4/1981,wecovaga@wurivad.gw
965,Stella,Estrada,2/3/1987,do@hawceruh.bi
966,Victor,Welch,15/10/1961,gacbe@mifoozi.nl
967,Carlos,May,29/5/1976,noibne@mid.yt
968,Cody,Hughes,1/8/1982,fedloub@zulfi.ro
969,Blake,Clayton,7/10/1962,geapaok@ah.ru
970,Noah,Goodwin,1/5/1969,weh@higevu.lk
971,Carrie,Washington,5/3/1998,umbe@ruh.mu
972,Ella,McBride,7/2/2001,zece@jawcul.is
973,Nora,Sullivan,6/3/1972,udufhif@re.br
974,Carrie,Knight,14/4/1965,getem@jinja.th
975,Mamie,Armstrong,31/7/1960,vegdicit@akegukuz.co.uk
976,Stanley,Daniel,9/1/1976,ma@runcu.pm
977,Isabel,Tran,3/5/1998,evesitow@ho.bs
978,Benjamin,George,28/9/1969,lad@muta.it
979,Lena,Fuller,5/4/1962,huzaug@bofus.mu
980,Floyd,Houston,11/3/1958,aste@bo.mp
981,Lettie,Ramsey,10/12/1995,ne@gudandej.edu
982,Marion,Harrison,14/2/1998,et@makcukel.gn
983,Keith,Lawrence,5/12/1978,luila@noh.md
984,Callie,Sanchez,5/2/1982,kubgir@mec.jm
985,Micheal,Lyons,21/12/1965,ukozovaw@omzemju.pg
986,Abbie,Price,4/1/1960,ida@izo.sa
987,Todd,Martin,28/6/1981,domagawur@nizeeja.vi
988,Cameron,McLaughlin,18/2/1997,wi@am.cc
989,Russell,Austin,19/12/1956,gisali@moepi.bf
990,Eugenia,Brown,17/4/1999,puttu@iwola.au
991,Wesley,Wilson,10/9/1987,moslowsul@ophuf.kr
992,Adelaide,Franklin,12/12/1988,jim@jik.ht
993,Lora,Figueroa,29/9/1968,ochewi@leedo.ch
994,Lucile,Ferguson,24/10/1968,legeer@ke.tr
995,Martin,Moss,17/1/1970,jirik@uw.gt
996,Sue,Gomez,21/11/1954,com@jaltan.tz
997,Aiden,Nunez,1/10/1992,taca@wain.gs
998,Lelia,Gibbs,21/8/1976,su@nek.iq
999,John,Mack,5/11/1958,jij@kuw.io
1000,Adelaide,Chambers,19/8/1986,vuhtos@ad.by
